{
    "Tags": [
        {
            "Tag": "Root",
            "MainColor": {
                "r": 1.0,
                "g": 1.0,
                "b": 1.0,
                "a": 1.0
            },
            "SecondaryColor": {
                "r": 0.4000000059604645,
                "g": 0.4000000059604645,
                "b": 0.4000000059604645,
                "a": 1.0
            },
            "Description": "The root tag"
        },
        {
            "Tag": "Hall",
            "MainColor": {
                "r": 0.9924528002738953,
                "g": 0.9299357533454895,
                "b": 0.4550301730632782,
                "a": 1.0
            },
            "SecondaryColor": {
                "r": 0.3969811201095581,
                "g": 0.37197428941726687,
                "b": 0.18201206624507905,
                "a": 1.0
            },
            "Description": ""
        }
    ]
}